code_famille;famille;code_type;type;code_reference;date_de_livraison;date_d_installation;date_de_debut_de_garantie
EDIT;Editique;EDIT_IMPR;IMPRIMANTE;COLORINKJET2800DTN;;2007-09-12;2007
EDIT;Editique;EDIT_IMPR;IMPRIMANTE;COLORLASERJET2500;;;2002
EDIT;Editique;EDIT_IMPR;IMPRIMANTE;COLORLASERJET2605DTN;;;1997
EDIT;Editique;EDIT_IMPR;IMPRIMANTE;C711;2015;;2015
EDIT;Editique;EDIT_IMPR;IMPRIMANTE;C711;2014;;2014
EDIT;Editique;EDIT_IMPR;IMPRIMANTE;C831;2014;2014-02-03;2014
EDIT;Editique;EDIT_IMPR;IMPRIMANTE;C831DTN;2015;;2015
EDIT;Editique;EDIT_IMPR;IMPRIMANTE;E460;2011;2011-11-22;2011
EDIT;Editique;EDIT_IMPR;IMPRIMANTE;E460;2012;2012-11-15;2012
EDIT;Editique;EDIT_IMPR;IMPRIMANTE;E460;2012;2012-07-20;2012
EDIT;Editique;EDIT_IMPR;IMPRIMANTE;E460DN;2012;2012-02-10;2012
EDIT;Editique;EDIT_IMPR;IMPRIMANTE;HL-5170DNLT;2004;;2004
EDIT;Editique;EDIT_IMPR;IMPRIMANTE;M203DW;;;2018
EDIT;Editique;EDIT_IMPR;IMPRIMANTE;M506DN;;;2018
EDIT;Editique;EDIT_IMPR;IMPRIMANTE;M506DN;;;1997
EDIT;Editique;EDIT_IMPR;IMPRIMANTE;M506DN;2017;;2017
EDIT;Editique;EDIT_IMPR;IMPRIMANTE;LASERJETPRO100MFPM125A;;;2014
EDIT;Editique;EDIT_IMPR;IMPRIMANTE;LASERJETP2015DN;;;2008
EDIT;Editique;EDIT_IMPR;IMPRIMANTE;LASERJET1320;2006;;1997
EDIT;Editique;EDIT_IMPR;IMPRIMANTE;LASERJET2200D;;;2004
EDIT;Editique;EDIT_IMPR;IMPRIMANTE;LASERJET2200D;;;2001
EDIT;Editique;EDIT_IMPR;IMPRIMANTE;LASERJET4050;;;1997
EDIT;Editique;EDIT_IMPR;IMPRIMANTE;LJM203;2018;;2017
EDIT;Editique;EDIT_IMPR;IMPRIMANTE;LJM506;;;2018
EDIT;Editique;EDIT_IMPR;IMPRIMANTE;ML2850D;2009;;2009
EDIT;Editique;EDIT_IMPR;IMPRIMANTE;ML3710;2012;2012-10-22;2012
EDIT;Editique;EDIT_IMPR;IMPRIMANTE;ML3710;2011;2012-04-18;2011
EDIT;Editique;EDIT_IMPR;IMPRIMANTE;ML3710;2012;2012-06-11;1997
EDIT;Editique;EDIT_IMPR;IMPRIMANTE;ML3710;2011;;2011
EDIT;Editique;EDIT_IMPR;IMPRIMANTE;ML-3710D;;;1997
EDIT;Editique;EDIT_IMPR;IMPRIMANTE;MS510;2013;2013-04-17;2013
EDIT;Editique;EDIT_IMPR;IMPRIMANTE;MS510;2013;2013-04-19;2013
EDIT;Editique;EDIT_IMPR;IMPRIMANTE;MS510;2012;2013-03-19;2012
EDIT;Editique;EDIT_IMPR;IMPRIMANTE;MS510;2013;2013-08-30;2013
EDIT;Editique;EDIT_IMPR;IMPRIMANTE;MS510;2012;2013-01-02;2012
EDIT;Editique;EDIT_IMPR;IMPRIMANTE;MS510DN;2013;2013-03-19;2013
EDIT;Editique;EDIT_IMPR;IMPRIMANTE;MS510DN;2012;;2012
EDIT;Editique;EDIT_IMPR;IMPRIMANTE;MS510DN;2013;;2013
EDIT;Editique;EDIT_IMPR;IMPRIMANTE;MS510DN;2015;;2015
EDIT;Editique;EDIT_IMPR;IMPRIMANTE;M3820;2015;;2015
EDIT;Editique;EDIT_IMPR;IMPRIMANTE;M3820ND;2016;;2016
EDIT;Editique;EDIT_IMPR;IMPRIMANTE;PRO8100;2012;2013-02-21;2012
EDIT;Editique;EDIT_IMPR;IMPRIMANTE;OJP8100;2012;2013-05-07;2012
EDIT;Editique;EDIT_IMPR;IMPRIMANTE;OJP8100;2012;2013-04-05;2012
EDIT;Editique;EDIT_IMPR;IMPRIMANTE;OJP8100;2012;2012-10-26;2012
EDIT;Editique;EDIT_IMPR;IMPRIMANTE;STYLUSPHOTOR2880;;;2011
EDIT;Editique;EDIT_IMPR;IMPRIMANTE;WP4015;2013;2013-01-30;2013
EDIT;Editique;EDIT_IMPR;IMPRIMANTE;WP4015DN;2013;2013-01-30;2013
EDIT;Editique;MFP;MFP;BHC368;;;1997
EDIT;Editique;MFP;MFP;BH223;;;1997
EDIT;Editique;MFP;MFP;BH284;;;1997
EDIT;Editique;MFP;MFP;BH554;;;1997
EDIT;Editique;MFP;MFP;ES4505AC;2018;;2018
EDIT;Editique;MFP;MFP;LJPM227;;;2018
EDIT;Editique;MFP;MFP;MXM3570;;;1997
EDIT;Editique;MFP;MFP;MX310;2015;;2015
EDIT;Editique;MFP;MFP;WF6590;2018;;2018
EDIT;Editique;MFP;MFP;WP4525;2013;2013-09-27;2013
EDIT;Editique;EDIT_MULTI;Multifonction;OFFICEJETPRO8500A;;;2012
EDIT;Editique;EDIT_PHOT;Photocopieur;KON-284E;;;1997
EDIT;Editique;EDIT_PHOT;Photocopieur;KON-364E;;;1997
EDIT;Editique;EDIT_PHOT;Photocopieur;KON-454E;;;1997
EDIT;Editique;EDIT_PHOT;Photocopieur;MX-3071;;;2019
MATINFO;Matériel Informatique;CASQUE;Casque;CASQUEHTCVIVEVRPRO;2019;;2019
MATINFO;Matériel Informatique;CASQUE;Casque;CASQUE;;;1997
MATINFO;Matériel Informatique;DDEXTERNE;DD externe;DDEXTERNE;2017;;2017
MATINFO;Matériel Informatique;DDEXTERNE;DD externe;WDBWLG0030HBK-EESN;2016;2016-10-20;2016
MATINFO;Matériel Informatique;DDEXTERNE;DD externe;WDBWLG0030HBK-EESN;2016;2016-10-24;2016
MATINFO;Matériel Informatique;DOUCHETTE;Douchette;LS2208;2017;;2017
MATINFO;Matériel Informatique;DOUCHETTE;Douchette;1202GVOYAGER;2015;;2015
MATINFO;Matériel Informatique;MATINFO_PC_FIXE;PC Fixe;IMAC;;;2011
MATINFO;Matériel Informatique;MATINFO_PC_FIXE;PC Fixe;MACBOOKPRO;2014;;2014
MATINFO;Matériel Informatique;MATINFO_PC_FIXE;PC Fixe;M83SFF;2014;;2014
MATINFO;Matériel Informatique;MATINFO_PC_FIXE;PC Fixe;M83SFF;2014;2016-04-13;2014
MATINFO;Matériel Informatique;MATINFO_PC_FIXE;PC Fixe;M83SFF;2016;;2016
MATINFO;Matériel Informatique;MATINFO_PC_FIXE;PC Fixe;OPTIPLEX3020SFF;2015;;2015
MATINFO;Matériel Informatique;MATINFO_PC_FIXE;PC Fixe;OPTIPLEX3050SFF;;;2017
MATINFO;Matériel Informatique;MATINFO_PC_FIXE;PC Fixe;OPTIPLEX3050SFF;;;2018
MATINFO;Matériel Informatique;MATINFO_PC_FIXE;PC Fixe;OPTIPLEX3050SFF;;;2018
MATINFO;Matériel Informatique;MATINFO_PC_FIXE;PC Fixe;OPTIPLEX390MT;;;2011
MATINFO;Matériel Informatique;MATINFO_PC_FIXE;PC Fixe;3050;2017;;2017
MATINFO;Matériel Informatique;MATINFO_PC_FIXE;PC Fixe;P300;;;1997
MATINFO;Matériel Informatique;MATINFO_PC_FIXE;PC Fixe;DC6005SFF;2012;2012-04-04;2012
MATINFO;Matériel Informatique;MATINFO_PC_FIXE;PC Fixe;DC6005SFF;2012;2012-06-29;2012
MATINFO;Matériel Informatique;MATINFO_PC_FIXE;PC Fixe;DC6005SFF;2011;2012-12-18;2011
MATINFO;Matériel Informatique;MATINFO_PC_FIXE;PC Fixe;DC6005SFF;2012;;2012
MATINFO;Matériel Informatique;MATINFO_PC_FIXE;PC Fixe;DC6005SFF;2012;2012-06-20;2012
MATINFO;Matériel Informatique;MATINFO_PC_FIXE;PC Fixe;DC6005SFF;2012;2012-07-02;2012
MATINFO;Matériel Informatique;MATINFO_PC_FIXE;PC Fixe;DC6005SFF;2012;2012-12-14;2012
MATINFO;Matériel Informatique;MATINFO_PC_FIXE;PC Fixe;6305SFF;;;1997
MATINFO;Matériel Informatique;MATINFO_PC_FIXE;PC Fixe;6305SFF;2013;2013-09-24;2013
MATINFO;Matériel Informatique;MATINFO_PC_FIXE;PC Fixe;6305SFF;2013;2013-12-03;2013
MATINFO;Matériel Informatique;MATINFO_PC_FIXE;PC Fixe;6305SFF;2013;2013-07-22;2013
MATINFO;Matériel Informatique;MATINFO_PC_FIXE;PC Fixe;6305SFF;2013;;2013
MATINFO;Matériel Informatique;MATINFO_PC_PORT;PC Portable;ELITEBOOK820G3;;;2017
MATINFO;Matériel Informatique;MATINFO_PC_PORT;PC Portable;ELITEBOOK820G3;2016;;2016
MATINFO;Matériel Informatique;MATINFO_PC_PORT;PC Portable;ELITEBOOK820G3;2017;;2017
MATINFO;Matériel Informatique;MATINFO_PC_PORT;PC Portable;LATITUDED600;;;2004
MATINFO;Matériel Informatique;MATINFO_PC_PORT;PC Portable;LATITUDEE6330;2016;2016-01-28;2016
MATINFO;Matériel Informatique;MATINFO_PC_PORT;PC Portable;LATITUDEE6330;2013;;2013
MATINFO;Matériel Informatique;MATINFO_PC_PORT;PC Portable;LATITUDEE6440;;;2013
MATINFO;Matériel Informatique;MATINFO_PC_PORT;PC Portable;LATITUDE5400;;;2019
MATINFO;Matériel Informatique;MATINFO_PC_PORT;PC Portable;LATITUDE5410;;;2020
MATINFO;Matériel Informatique;MATINFO_PC_PORT;PC Portable;LATITUDE7280;;;2018
MATINFO;Matériel Informatique;MATINFO_PC_PORT;PC Portable;LATITUDE7480;;;2019
MATINFO;Matériel Informatique;MATINFO_PC_PORT;PC Portable;LIFEBOOKE8020;;;2005
MATINFO;Matériel Informatique;MATINFO_PC_PORT;PC Portable;PORTEGER600;;;2010
MATINFO;Matériel Informatique;MATINFO_PC_PORT;PC Portable;PRECISIONM6600;;;2011
MATINFO;Matériel Informatique;MATINFO_PC_PORT;PC Portable;P8110;2010;2010-01-25;2010
MATINFO;Matériel Informatique;MATINFO_PC_PORT;PC Portable;TECRAA10-154;;;2009
MATINFO;Matériel Informatique;MATINFO_PC_PORT;PC Portable;VOSTRO3360;2013;2013-03-19;2013
MATINFO;Matériel Informatique;MATINFO_PC_PORT;PC Portable;X230;2013;2013-09-26;2013
MATINFO;Matériel Informatique;MATINFO_PC_PORT;PC Portable;X230;2013;2013-11-12;2013
MATINFO;Matériel Informatique;MATINFO_PC_PORT;PC Portable;X230;2014;2014-05-14;2014
MATINFO;Matériel Informatique;TECHPORT;PC portable technique;ALIENWARE17R4;;;2017
MATINFO;Matériel Informatique;TECHPORT;PC portable technique;PRECISION7730;;;2019
MATINFO;Matériel Informatique;PUPITRE;Pupitre;'PUPITRETACTILE32''''';;;2019
MATINFO;Matériel Informatique;SCANNER;Scanner;CANOSCANLIDE25;;;2008
MATINFO;Matériel Informatique;SCANNER;Scanner;GT-15000;;;2007
MATINFO;Matériel Informatique;SCANNER;Scanner;IS330DC;;;2005
MATINFO;Matériel Informatique;SCANNER;Scanner;PERFECTIONV200;2008;;2008
MATINFO;Matériel Informatique;SCANNER;Scanner;PERFECTIONV200;2007;;2007
MATINFO;Matériel Informatique;SCANNER;Scanner;PERFECTIONV330;;;1997
MATINFO;Matériel Informatique;SCANNER;Scanner;PP-100;;;2013
MATINFO;Matériel Informatique;SCANNER;Scanner;SCANJETG2410;;;2009
MATINFO;Matériel Informatique;SCANNER;Scanner;3490;2005;;2005
MATINFO;Matériel Informatique;SCANNER;Scanner;DS70000;;;2020
MATINFO;Matériel Informatique;SCANNER;Scanner;DS70000;2017;;2017
MATINFO;Matériel Informatique;MATINFO_TAB;Tablette (MATINFO_TAB);ECRANSTYLET;;;1997
MATINFO;Matériel Informatique;MATINFO_TAB;Tablette (MATINFO_TAB);ELITEPAD1000;2015;2015-09-01;2015
MATINFO;Matériel Informatique;MATINFO_TAB;Tablette (MATINFO_TAB);GALAXYTAB210.1;;;2012
MATINFO;Matériel Informatique;MATINFO_TAB;Tablette (MATINFO_TAB);IPADAIR;2014;;2014
MATINFO;Matériel Informatique;MATINFO_TAB;Tablette (MATINFO_TAB);IPADAIR;2015;2015-06-26;2015
MATINFO;Matériel Informatique;MATINFO_TAB;Tablette (MATINFO_TAB);IPADAIR;2016;;2016
MATINFO;Matériel Informatique;MATINFO_TAB;Tablette (MATINFO_TAB);IPADAIR16GO;;;1997
MATINFO;Matériel Informatique;MATINFO_TAB;Tablette (MATINFO_TAB);IPADAIR16GO;2014;;2014
MATINFO;Matériel Informatique;MATINFO_TAB;Tablette (MATINFO_TAB);IPADAIR216GO;2015;;2015
MATINFO;Matériel Informatique;MATINFO_TAB;Tablette (MATINFO_TAB);IPADAIR216GO;2015;;2015
MATINFO;Matériel Informatique;MATINFO_TAB;Tablette (MATINFO_TAB);IPADAIR264GO;;;1997
MATINFO;Matériel Informatique;MATINFO_TAB;Tablette (MATINFO_TAB);IPADMINI16GB;;;1997
MATINFO;Matériel Informatique;MATINFO_TAB;Tablette (MATINFO_TAB);IPADPRO12;;;2020
MATINFO;Matériel Informatique;MATINFO_TAB;Tablette (MATINFO_TAB);IPADWITHRETINA16GBMD510NF/A;2013;;2013
MATINFO;Matériel Informatique;MATINFO_TAB;Tablette (MATINFO_TAB);IPAD232GB;;;1997
MATINFO;Matériel Informatique;MATINFO_TAB;Tablette (MATINFO_TAB);IPAD9-7;;;2018
MATINFO;Matériel Informatique;MATINFO_TAB;Tablette (MATINFO_TAB);SURFACEPRO4;;;1997
MATINFO;Matériel Informatique;MATINFO_TERM;Terminal léger;P20;;;2012
MATINFO;Matériel Informatique;WEBCAM;Webcam;C615;;;1997
MATINFO;Matériel Informatique;WEBCAM;Webcam;HDC270;2017;;2017
MATINFO;Matériel Informatique;WEBCAM;Webcam;WEBCAMHD-3000;;;1997
TELFIXE;Téléphonie Fixe;TELFIXE_CONFTEL;Conférence-Phone;SPEAK710;;;1997
TELFIXE;Téléphonie Fixe;TELFIXE_FAX;Fax;FAX-2840;;;2013
TELFIXE;Téléphonie Fixe;TELFIXE_FAX;Fax;FAX-2840;;;2013
TELMOB;Téléphonie Mobile;TELMOB_GSM;GSM;HAPI50;2018;2018-01-16;2018
TELMOB;Téléphonie Mobile;TELMOB_SMART;Smartphone;GALAXYA20E;;;2020
TELMOB;Téléphonie Mobile;TELMOB_SMART;Smartphone;GALAXYJ3(2016);;;1997
TELMOB;Téléphonie Mobile;TELMOB_SMART;Smartphone;GALAXYJ3(2016);2018;2018-01-15;2018
TELMOB;Téléphonie Mobile;TELMOB_SMART;Smartphone;GALAXYJ5;2017;;2017
TELMOB;Téléphonie Mobile;TELMOB_SMART;Smartphone;GALAXYJ5;2017;;2017
TELMOB;Téléphonie Mobile;TELMOB_SMART;Smartphone;GALAXYJ5(2017);2018;2018-01-15;2018
TELMOB;Téléphonie Mobile;TELMOB_SMART;Smartphone;GALAXYJ5(2017);2018;2018-01-16;2018
TELMOB;Téléphonie Mobile;TELMOB_SMART;Smartphone;GALAXYS8NOICARB;;;2019
TELMOB;Téléphonie Mobile;TELMOB_SMART;Smartphone;IPHONESE;2016;;2016
TELMOB;Téléphonie Mobile;TELMOB_SMART;Smartphone;IPHONE5S;2015;;2015
TELMOB;Téléphonie Mobile;TELMOB_SMART;Smartphone;IPHONE7;;;2018
TELMOB;Téléphonie Mobile;TELMOB_SMART;Smartphone;IPHONE8+256GO;;;2019
TELMOB;Téléphonie Mobile;TELMOB_SMART;Smartphone;IPHONE8256GO;;;1997
EDIT;Editique;EDIT_IMPR;IMPRIMANTE;ALM400;;;2018
EDIT;Editique;EDIT_IMPR;IMPRIMANTE;E460DN;2012;;2012
EDIT;Editique;EDIT_IMPR;IMPRIMANTE;E460DN;2012;;2012
EDIT;Editique;EDIT_IMPR;IMPRIMANTE;E460DN;2012;2012-07-20;2012
EDIT;Editique;EDIT_IMPR;IMPRIMANTE;E460DN;2012;2012-07-26;2012
EDIT;Editique;EDIT_IMPR;IMPRIMANTE;E460DN;2011;2011-11-22;2011
EDIT;Editique;EDIT_IMPR;IMPRIMANTE;HL-5250-DNLT;2006;2006-02-14;2006
EDIT;Editique;EDIT_IMPR;IMPRIMANTE;LASERJET1300N;;;2004
EDIT;Editique;EDIT_IMPR;IMPRIMANTE;LASERJET1320;2006;;2006
EDIT;Editique;EDIT_IMPR;IMPRIMANTE;LASERJET2015D;2008;;1997
EDIT;Editique;EDIT_IMPR;IMPRIMANTE;3005N;2009;;2009
EDIT;Editique;EDIT_IMPR;IMPRIMANTE;3005N;2007;;1997
EDIT;Editique;EDIT_IMPR;IMPRIMANTE;3015DN;2009;;2009
EDIT;Editique;EDIT_IMPR;IMPRIMANTE;LASERJET4PLUS;;;1997
EDIT;Editique;EDIT_IMPR;IMPRIMANTE;LBP312X;2017;;1997
EDIT;Editique;EDIT_IMPR;IMPRIMANTE;LJM203;;;2018
EDIT;Editique;EDIT_IMPR;IMPRIMANTE;LJM506;2017;;2017
EDIT;Editique;EDIT_IMPR;IMPRIMANTE;LJP2015;2007;;2007
EDIT;Editique;EDIT_IMPR;IMPRIMANTE;LJP3015;2010;;2010
EDIT;Editique;EDIT_IMPR;IMPRIMANTE;ML2850;2010;;2010
EDIT;Editique;EDIT_IMPR;IMPRIMANTE;ML2850D;2010;;2010
EDIT;Editique;EDIT_IMPR;IMPRIMANTE;ML3710;2011;2012-04-04;2011
EDIT;Editique;EDIT_IMPR;IMPRIMANTE;ML3710;2012;2013-01-02;2012
EDIT;Editique;EDIT_IMPR;IMPRIMANTE;ML3710;2012;2012-10-29;2012
EDIT;Editique;EDIT_IMPR;IMPRIMANTE;ML3710;2012;2012-12-03;2012
EDIT;Editique;EDIT_IMPR;IMPRIMANTE;ML3710;2011;;2011
EDIT;Editique;EDIT_IMPR;IMPRIMANTE;ML3710ND;2011;;2011
EDIT;Editique;EDIT_IMPR;IMPRIMANTE;MS510;2013;2013-04-25;2013
EDIT;Editique;EDIT_IMPR;IMPRIMANTE;MS510;2013;2013-04-16;2013
EDIT;Editique;EDIT_IMPR;IMPRIMANTE;MS510;2013;2013-03-07;2013
EDIT;Editique;EDIT_IMPR;IMPRIMANTE;MS510;2012;2012-12-19;2012
EDIT;Editique;EDIT_IMPR;IMPRIMANTE;MS510;2016;;2016
EDIT;Editique;EDIT_IMPR;IMPRIMANTE;MS510DN;2016;;2016
EDIT;Editique;EDIT_IMPR;IMPRIMANTE;MS510DN;2012;2013-01-07;2012
EDIT;Editique;EDIT_IMPR;IMPRIMANTE;MXB350P;;;1997
EDIT;Editique;EDIT_IMPR;IMPRIMANTE;MXB350P;;;2019
EDIT;Editique;EDIT_IMPR;IMPRIMANTE;M3820ND;2015;;2015
EDIT;Editique;EDIT_IMPR;IMPRIMANTE;PRO8100;2015;;2015
EDIT;Editique;EDIT_IMPR;IMPRIMANTE;OFFICEJETH470B;2009;;2009
EDIT;Editique;EDIT_IMPR;IMPRIMANTE;OJP8100;2012;2013-01-25;2012
EDIT;Editique;EDIT_IMPR;IMPRIMANTE;WP4015;2013;2013-01-31;2013
EDIT;Editique;MFP;MFP;BHC364;;;1997
EDIT;Editique;MFP;MFP;BH25;;;1997
EDIT;Editique;MFP;MFP;BH363;;;1997
EDIT;Editique;MFP;MFP;BH454;;;1997
EDIT;Editique;MFP;MFP;ES4505;2018;;2018
EDIT;Editique;MFP;MFP;LJPM227;;;2018
EDIT;Editique;MFP;MFP;MXB455W;;;1997
EDIT;Editique;MFP;MFP;MXC303W;;;1997
EDIT;Editique;EDIT_MULTI;Multifonction;HPPROM227FDW;;;2018
EDIT;Editique;EDIT_MULTI;Multifonction;MFC8880DN;2010;;2010
EDIT;Editique;EDIT_MULTI;Multifonction;OFFICEJET4500;;;2005
EDIT;Editique;EDIT_PHOT;Photocopieur;C3330;;;1997
EDIT;Editique;EDIT_PHOT;Photocopieur;C5255;;;1997
MATINFO;Matériel Informatique;CASQUE;Casque;VOYAGER4210UC;;;2020
MATINFO;Matériel Informatique;CASQUE;Casque;CASQUE;2017;;2017
MATINFO;Matériel Informatique;DDEXTERNE;DD externe;HD-LXU3;2017;;2017
MATINFO;Matériel Informatique;DDEXTERNE;DD externe;MYBOOK3TO;;;1997
MATINFO;Matériel Informatique;DOUCHETTE;Douchette;CCD;;;1997
MATINFO;Matériel Informatique;DOUCHETTE;Douchette;DOUCHETTE;2017;;2017
MATINFO;Matériel Informatique;DOUCHETTE;Douchette;REF:595041;2016;;2016
MATINFO;Matériel Informatique;DOUCHETTE;Douchette;DS4308;2016;;2016
MATINFO;Matériel Informatique;DOUCHETTE;Douchette;928110;;;1997
MATINFO;Matériel Informatique;MATINFO_PC_FIXE;PC Fixe;DC5850;2009;;2009
MATINFO;Matériel Informatique;MATINFO_PC_FIXE;PC Fixe;705G3;2017;;2017
MATINFO;Matériel Informatique;MATINFO_PC_FIXE;PC Fixe;GX620;;;1997
MATINFO;Matériel Informatique;MATINFO_PC_FIXE;PC Fixe;GX620;;;2006
MATINFO;Matériel Informatique;MATINFO_PC_FIXE;PC Fixe;GX620;;;2006
MATINFO;Matériel Informatique;MATINFO_PC_FIXE;PC Fixe;IMAC;2014;;2014
MATINFO;Matériel Informatique;MATINFO_PC_FIXE;PC Fixe;IMAC21;;;2019
MATINFO;Matériel Informatique;MATINFO_PC_FIXE;PC Fixe;LANNERLEC-2270-7A;;;2014
MATINFO;Matériel Informatique;MATINFO_PC_FIXE;PC Fixe;LANNERLEC-2270-7A;2013;;2013
MATINFO;Matériel Informatique;MATINFO_PC_FIXE;PC Fixe;M83SFF;2014;2014-03-10;2014
MATINFO;Matériel Informatique;MATINFO_PC_FIXE;PC Fixe;OPTIPLEX3010MT;;;2013
MATINFO;Matériel Informatique;MATINFO_PC_FIXE;PC Fixe;OPTIPLEX3020SFF;2014;;2014
MATINFO;Matériel Informatique;MATINFO_PC_FIXE;PC Fixe;OPTIPLEX3040SF;2016;;2016
MATINFO;Matériel Informatique;MATINFO_PC_FIXE;PC Fixe;OPTIPLEX3050SFF;;;2019
MATINFO;Matériel Informatique;MATINFO_PC_FIXE;PC Fixe;OPTIPLEX3050SFF;;;1997
MATINFO;Matériel Informatique;MATINFO_PC_FIXE;PC Fixe;OPTIPLEX360MT;;;2009
MATINFO;Matériel Informatique;MATINFO_PC_FIXE;PC Fixe;OPTIPLEX390MT;;;2012
MATINFO;Matériel Informatique;MATINFO_PC_FIXE;PC Fixe;3050;;;2018
MATINFO;Matériel Informatique;MATINFO_PC_FIXE;PC Fixe;3050;;;2017
MATINFO;Matériel Informatique;MATINFO_PC_FIXE;PC Fixe;POWERMATEVL360;2007;;2007
MATINFO;Matériel Informatique;MATINFO_PC_FIXE;PC Fixe;XW4600;2009;;2009
MATINFO;Matériel Informatique;MATINFO_PC_FIXE;PC Fixe;DC6005SFF;2012;2013-04-08;2012
MATINFO;Matériel Informatique;MATINFO_PC_FIXE;PC Fixe;DC6005SFF;2012;2012-05-14;2012
MATINFO;Matériel Informatique;MATINFO_PC_FIXE;PC Fixe;DC6005SFF;2012;2012-06-27;2012
MATINFO;Matériel Informatique;MATINFO_PC_FIXE;PC Fixe;DC6005SFF;2012;2012-03-15;2012
MATINFO;Matériel Informatique;MATINFO_PC_FIXE;PC Fixe;DC6005SFF;2012;2013-05-13;2012
MATINFO;Matériel Informatique;MATINFO_PC_FIXE;PC Fixe;DC6005SFF;2012;2013-03-18;2012
MATINFO;Matériel Informatique;MATINFO_PC_FIXE;PC Fixe;DC6005SFF;2012;2012-08-14;2012
MATINFO;Matériel Informatique;MATINFO_PC_FIXE;PC Fixe;DC6005SFF;2012;2012-11-21;2012
MATINFO;Matériel Informatique;MATINFO_PC_FIXE;PC Fixe;DC6005SFF;2012;2012-11-26;2012
MATINFO;Matériel Informatique;MATINFO_PC_FIXE;PC Fixe;DC6005SFF;2012;2013-05-28;2012
MATINFO;Matériel Informatique;MATINFO_PC_FIXE;PC Fixe;DC6005SFF;2012;2013-02-04;2012
MATINFO;Matériel Informatique;MATINFO_PC_FIXE;PC Fixe;DC6005SFF;2011;;2011
MATINFO;Matériel Informatique;MATINFO_PC_FIXE;PC Fixe;6305SFF;2013;2013-10-08;2013
MATINFO;Matériel Informatique;MATINFO_PC_FIXE;PC Fixe;6305SFF;2013;2013-10-17;2013
MATINFO;Matériel Informatique;MATINFO_PC_FIXE;PC Fixe;6305SFF;2013;2013-09-30;2013
MATINFO;Matériel Informatique;MATINFO_PC_FIXE;PC Fixe;6305SFF;2013;2013-09-06;2013
MATINFO;Matériel Informatique;TECHFIXE;PC fixe technique;PRECISIONT1700;;;2014
MATINFO;Matériel Informatique;TECHFIXE;PC fixe technique;PRECISIONT1700MT;;;2015
MATINFO;Matériel Informatique;TECHFIXE;PC fixe technique;PRECISIONT3500;;;2011
MATINFO;Matériel Informatique;MATINFO_PC_PORT;PC Portable;DELLG3173779;;;2018
MATINFO;Matériel Informatique;MATINFO_PC_PORT;PC Portable;ELITEBOOK820G3;;;1997
MATINFO;Matériel Informatique;MATINFO_PC_PORT;PC Portable;ELITEBOOK820;2015;;2015
MATINFO;Matériel Informatique;MATINFO_PC_PORT;PC Portable;ELITEBOOK820;2015;;2015
MATINFO;Matériel Informatique;MATINFO_PC_PORT;PC Portable;ELITEBOOK820;2015;;2015
MATINFO;Matériel Informatique;MATINFO_PC_PORT;PC Portable;ESPRIMOU9210;2009;;2009
MATINFO;Matériel Informatique;MATINFO_PC_PORT;PC Portable;LATITUDED800;;;2005
MATINFO;Matériel Informatique;MATINFO_PC_PORT;PC Portable;LATITUDED820;;2007-04-12;2007
MATINFO;Matériel Informatique;MATINFO_PC_PORT;PC Portable;LATITUDEE6320;;;1997
MATINFO;Matériel Informatique;MATINFO_PC_PORT;PC Portable;LATITUDEE6320;;;2011
MATINFO;Matériel Informatique;MATINFO_PC_PORT;PC Portable;LATITUDEE6500;;;2009
MATINFO;Matériel Informatique;MATINFO_PC_PORT;PC Portable;LATITUDE5400;;;2019
MATINFO;Matériel Informatique;MATINFO_PC_PORT;PC Portable;LATITUDE5400;;;2019
MATINFO;Matériel Informatique;MATINFO_PC_PORT;PC Portable;LATITUDE5400;;;1997
MATINFO;Matériel Informatique;MATINFO_PC_PORT;PC Portable;LATITUDE7280;;;2018
MATINFO;Matériel Informatique;MATINFO_PC_PORT;PC Portable;LATITUDE7280;;;2018
MATINFO;Matériel Informatique;MATINFO_PC_PORT;PC Portable;MACBOOKPRO17;;;2010
MATINFO;Matériel Informatique;MATINFO_PC_PORT;PC Portable;PROBOOK650G4;;;2019
MATINFO;Matériel Informatique;MATINFO_PC_PORT;PC Portable;PROBOOK6570B;2013;2014-01-20;2013
MATINFO;Matériel Informatique;MATINFO_PC_PORT;PC Portable;VOSTRO3360;2013;2013-03-12;2013
MATINFO;Matériel Informatique;MATINFO_PC_PORT;PC Portable;6730B;2009;;2009
MATINFO;Matériel Informatique;SCANNER;Scanner;GT2500PLUS;2009;;2009
MATINFO;Matériel Informatique;SCANNER;Scanner;GT2500PLUS;2010;;2010
MATINFO;Matériel Informatique;SCANNER;Scanner;PERFECTIONV300;2009;;2009
MATINFO;Matériel Informatique;SCANNER;Scanner;SCANJET5530C;;;2004
MATINFO;Matériel Informatique;SCANNER;Scanner;V850PRO;2015;2015-04-09;2015
MATINFO;Matériel Informatique;MATINFO_TAB;Tablette (MATINFO_TAB);GALAXYTABACTIVE8;2017;;2017
MATINFO;Matériel Informatique;MATINFO_TAB;Tablette (MATINFO_TAB);IPADAIR;2015;;2015
MATINFO;Matériel Informatique;MATINFO_TAB;Tablette (MATINFO_TAB);IPADAIR10.5;;;2020
MATINFO;Matériel Informatique;MATINFO_TAB;Tablette (MATINFO_TAB);IPADAIR16GO;2014;;2014
MATINFO;Matériel Informatique;MATINFO_TAB;Tablette (MATINFO_TAB);IPADAIR216GO;2016;;2016
MATINFO;Matériel Informatique;MATINFO_TAB;Tablette (MATINFO_TAB);IPAD;;;1997
MATINFO;Matériel Informatique;MATINFO_TAB;Tablette (MATINFO_TAB);IPAD4;;;1997
MATINFO;Matériel Informatique;MATINFO_TAB;Tablette (MATINFO_TAB);MIIX;;;1997
MATINFO;Matériel Informatique;MATINFO_TAB;Tablette (MATINFO_TAB);PANASONICFZ-B2MK2;;;2019
MATINFO;Matériel Informatique;MATINFO_TAB;Tablette (MATINFO_TAB);SURFACEPRO6;;;2020
MATINFO;Matériel Informatique;MATINFO_TAB;Tablette (MATINFO_TAB);SWITCH;;;1997
MATINFO;Matériel Informatique;MATINFO_TAB;Tablette (MATINFO_TAB);TABLETPC;;;2018
MATINFO;Matériel Informatique;MATINFO_TAB;Tablette (MATINFO_TAB);TABLETPC;;;2018
MATINFO;Matériel Informatique;MATINFO_TERM;Terminal léger;CEBOX;;;2019
MATINFO;Matériel Informatique;MATINFO_TERM;Terminal léger;CEBOX;;;2019
MATINFO;Matériel Informatique;MATINFO_TERM;Terminal léger;R90LW;;;2010
MATINFO;Matériel Informatique;WEBCAM;Webcam;C525;2017;;2017
MATINFO;Matériel Informatique;WEBCAM;Webcam;C920;;;1997
MATINFO;Matériel Informatique;WEBCAM;Webcam;WEBCAM;;;1997
MATINFO;Matériel Informatique;WEBCAM;Webcam;WEBCAMHD-3000;;;2019
TELMOB;Téléphonie Mobile;ACCESSOIRES;Accessoires mobilité;AIRPODSPRO;;;2020
TELMOB;Téléphonie Mobile;TELMOB_GSM;GSM;HAPI11NOI;;;2019
TELMOB;Téléphonie Mobile;TELMOB_GSM;GSM;HAPI50;2017;;2017
TELMOB;Téléphonie Mobile;TELMOB_SMART;Smartphone;GALAXYJ3(2016);2018;2018-01-16;2018
TELMOB;Téléphonie Mobile;TELMOB_SMART;Smartphone;GALAXYJ5;;;1997
TELMOB;Téléphonie Mobile;TELMOB_SMART;Smartphone;GALAXYJ5(2017);2017;2018-03-07;2017
TELMOB;Téléphonie Mobile;TELMOB_SMART;Smartphone;GALAXYJ5(2017);2017;;2017
TELMOB;Téléphonie Mobile;TELMOB_SMART;Smartphone;GALAXYJ5(2017);;;1997
TELMOB;Téléphonie Mobile;TELMOB_SMART;Smartphone;GALAXYS6;;;2016
TELMOB;Téléphonie Mobile;TELMOB_SMART;Smartphone;GALAXY7;;;2018
TELMOB;Téléphonie Mobile;TELMOB_SMART;Smartphone;GALAXYS7NOI;2018;;2018
TELMOB;Téléphonie Mobile;TELMOB_SMART;Smartphone;GALAXYXCOVER4;2018;2018-01-15;2018
TELMOB;Téléphonie Mobile;TELMOB_SMART;Smartphone;GALAXYXCOVER4S32GO;;;2019
TELMOB;Téléphonie Mobile;TELMOB_SMART;Smartphone;IPHONE5S;2015;;2015
TELMOB;Téléphonie Mobile;TELMOB_SMART;Smartphone;IPHONE6;2016;;2016
TELMOB;Téléphonie Mobile;TELMOB_SMART;Smartphone;IPHONE6;2015;;2015
TELMOB;Téléphonie Mobile;TELMOB_SMART;Smartphone;IPHONE7128GB;;;2018
TELMOB;Téléphonie Mobile;TELMOB_SMART;Smartphone;IPHONE7;;;2019
EDIT;Editique;EDIT_IMPR;IMPRIMANTE;BI2800;2010;2012-11-06;2010
EDIT;Editique;EDIT_IMPR;IMPRIMANTE;COLORLASERJETCP2025DN;;;2011
EDIT;Editique;EDIT_IMPR;IMPRIMANTE;C711;2014;2014-06-19;2014
EDIT;Editique;EDIT_IMPR;IMPRIMANTE;E460;2012;2012-04-04;2012
EDIT;Editique;EDIT_IMPR;IMPRIMANTE;E460;2012;2012-07-05;2012
EDIT;Editique;EDIT_IMPR;IMPRIMANTE;E460;2012;2012-06-04;2012
EDIT;Editique;EDIT_IMPR;IMPRIMANTE;E460;2012;2012-04-06;2012
EDIT;Editique;EDIT_IMPR;IMPRIMANTE;GK420T;2012;;2012
EDIT;Editique;EDIT_IMPR;IMPRIMANTE;WF-100W;2017;;2017
EDIT;Editique;EDIT_IMPR;IMPRIMANTE;IR1435;;;1997
EDIT;Editique;EDIT_IMPR;IMPRIMANTE;LASERJETII;;;1997
EDIT;Editique;EDIT_IMPR;IMPRIMANTE;LASERJETP2055DN;;;2009
EDIT;Editique;EDIT_IMPR;IMPRIMANTE;LASERJET1300N;;;2004
EDIT;Editique;EDIT_IMPR;IMPRIMANTE;LASERJET1320N;;;2005
EDIT;Editique;EDIT_IMPR;IMPRIMANTE;LASERJET2015D;2007;;2007
EDIT;Editique;EDIT_IMPR;IMPRIMANTE;LASERJET2015D;2008;;2008
EDIT;Editique;EDIT_IMPR;IMPRIMANTE;LASERJET4;;;1997
EDIT;Editique;EDIT_IMPR;IMPRIMANTE;LASERJET4;;;2001
EDIT;Editique;EDIT_IMPR;IMPRIMANTE;LASERJET4PLUS;;;2001
EDIT;Editique;EDIT_IMPR;IMPRIMANTE;CS796DE;;;1997
EDIT;Editique;EDIT_IMPR;IMPRIMANTE;LJM506;;;2018
EDIT;Editique;EDIT_IMPR;IMPRIMANTE;LJM506;2017;;2017
EDIT;Editique;EDIT_IMPR;IMPRIMANTE;LJPM203;2017;;2017
EDIT;Editique;EDIT_IMPR;IMPRIMANTE;LJPM203;2018;;2017
EDIT;Editique;EDIT_IMPR;IMPRIMANTE;LJP2015;2007;;2007
EDIT;Editique;EDIT_IMPR;IMPRIMANTE;LJP3015;2009;;2009
EDIT;Editique;EDIT_IMPR;IMPRIMANTE;ML2850D;2008;;2008
EDIT;Editique;EDIT_IMPR;IMPRIMANTE;ML3710;2012;2012-12-08;2012
EDIT;Editique;EDIT_IMPR;IMPRIMANTE;ML3710;2011;2012-06-18;2011
EDIT;Editique;EDIT_IMPR;IMPRIMANTE;ML3710;2013;2013-02-19;2013
EDIT;Editique;EDIT_IMPR;IMPRIMANTE;ML3710;2012;2012-05-22;1997
EDIT;Editique;EDIT_IMPR;IMPRIMANTE;ML3710;2012;2012-11-13;2012
EDIT;Editique;EDIT_IMPR;IMPRIMANTE;MS510;2012;2013-02-26;2012
EDIT;Editique;EDIT_IMPR;IMPRIMANTE;MS510;2013;2013-08-27;2013
EDIT;Editique;EDIT_IMPR;IMPRIMANTE;MS510;;;1997
EDIT;Editique;EDIT_IMPR;IMPRIMANTE;MS510;2014;;2014
EDIT;Editique;EDIT_IMPR;IMPRIMANTE;MS510;2015;;2015
EDIT;Editique;EDIT_IMPR;IMPRIMANTE;MS510DN;2015;;2015
EDIT;Editique;EDIT_IMPR;IMPRIMANTE;MS510DN;2012;2013-01-04;2012
EDIT;Editique;EDIT_IMPR;IMPRIMANTE;MS510DN;2012;2013-01-02;2012
EDIT;Editique;EDIT_IMPR;IMPRIMANTE;MS510DN;2014;;2014
EDIT;Editique;EDIT_IMPR;IMPRIMANTE;M3820;2016;;2016
EDIT;Editique;EDIT_IMPR;IMPRIMANTE;M3820ND;2016;;2016
EDIT;Editique;EDIT_IMPR;IMPRIMANTE;OJP8100;2015;;2015
EDIT;Editique;EDIT_IMPR;IMPRIMANTE;OJP8100;2012;2013-04-12;2012
EDIT;Editique;MFP;MFP;BH364;;;1997
EDIT;Editique;MFP;MFP;BH423;;;1997
EDIT;Editique;MFP;MFP;ES4505AC;2018;;2018
EDIT;Editique;MFP;MFP;MXB355;;;1997
EDIT;Editique;MFP;MFP;MXB356W;;;1997
EDIT;Editique;MFP;MFP;MXM3070;;;2019
EDIT;Editique;EDIT_MULTI;Multifonction;OFFICEJET4500;;;1997
EDIT;Editique;EDIT_MULTI;Multifonction;WP4525DNF;2013;2013-09-25;2013
EDIT;Editique;EDIT_MULTI;Multifonction;WP4525DNF;2013;2013-01-25;2013
EDIT;Editique;EDIT_PHOT;Photocopieur;KON-421;;;1997
EDIT;Editique;EDIT_PHOT;Photocopieur;MX-3071;;;1997
EDIT;Editique;EDIT_PHOT;Photocopieur;MX-5071;;;2019
MATINFO;Matériel Informatique;CASQUE;Casque;CASQUEHTCVIVEVRPRO;;;2019
MATINFO;Matériel Informatique;CASQUE;Casque;CASQUEGEARVR;;;2018
MATINFO;Matériel Informatique;CASQUE;Casque;VOYAGER4210UC;;;2020
MATINFO;Matériel Informatique;CASQUE;Casque;VOYAGER4210UC;;;1997
MATINFO;Matériel Informatique;DDEXTERNE;DD externe;WDBU6Y0020BBK;2017;;2017
MATINFO;Matériel Informatique;DOUCHETTE;Douchette;DOUCHETTE;2017;;2017
MATINFO;Matériel Informatique;DOUCHETTE;Douchette;1202GVOYAGER;2017;;2017
MATINFO;Matériel Informatique;MATINFO_PC_FIXE;PC Fixe;G3;;;1997
MATINFO;Matériel Informatique;MATINFO_PC_FIXE;PC Fixe;G3;1998;;1998
MATINFO;Matériel Informatique;MATINFO_PC_FIXE;PC Fixe;IMAC27;;;1997
MATINFO;Matériel Informatique;MATINFO_PC_FIXE;PC Fixe;IMAC27;2016;;2016
MATINFO;Matériel Informatique;MATINFO_PC_FIXE;PC Fixe;MACBOOKPRO;2015;;2015
MATINFO;Matériel Informatique;MATINFO_PC_FIXE;PC Fixe;M800SFF;2017;;2017
MATINFO;Matériel Informatique;MATINFO_PC_FIXE;PC Fixe;M800SFF;2016;;2016
MATINFO;Matériel Informatique;MATINFO_PC_FIXE;PC Fixe;OPTIPLEX3010MT;;;2013
MATINFO;Matériel Informatique;MATINFO_PC_FIXE;PC Fixe;OPTIPLEX3010MT;2013;;2013
MATINFO;Matériel Informatique;MATINFO_PC_FIXE;PC Fixe;OPTIPLEX3020MINI-TOUR;2014;;2014
MATINFO;Matériel Informatique;MATINFO_PC_FIXE;PC Fixe;OPTIPLEX3020MINI-TOUR;2014;;2014
MATINFO;Matériel Informatique;MATINFO_PC_FIXE;PC Fixe;OPTIPLEX3040SF;;;1997
MATINFO;Matériel Informatique;MATINFO_PC_FIXE;PC Fixe;OPTIPLEX3050SFF;2017;;2017
MATINFO;Matériel Informatique;MATINFO_PC_FIXE;PC Fixe;OPTIPLEX320;;;2007
MATINFO;Matériel Informatique;MATINFO_PC_FIXE;PC Fixe;OPTIPLEX320;;;2007
MATINFO;Matériel Informatique;MATINFO_PC_FIXE;PC Fixe;OPTIPLEX320;;;2007
MATINFO;Matériel Informatique;MATINFO_PC_FIXE;PC Fixe;OPTIPLEX320;;;2006
MATINFO;Matériel Informatique;MATINFO_PC_FIXE;PC Fixe;OPTIPLEX360MT;;;2008
MATINFO;Matériel Informatique;MATINFO_PC_FIXE;PC Fixe;OPTIPLEX5050;;;2018
MATINFO;Matériel Informatique;MATINFO_PC_FIXE;PC Fixe;OPTIPLEX9020MINI-TOUR;;;2014
MATINFO;Matériel Informatique;MATINFO_PC_FIXE;PC Fixe;3050;;;2018
MATINFO;Matériel Informatique;MATINFO_PC_FIXE;PC Fixe;DC6005SFF;2012;2012-06-08;2012
MATINFO;Matériel Informatique;MATINFO_PC_FIXE;PC Fixe;DC6005SFF;2012;2012-12-11;2012
MATINFO;Matériel Informatique;MATINFO_PC_FIXE;PC Fixe;DC6005SFF;2012;2012-09-27;2012
MATINFO;Matériel Informatique;MATINFO_PC_FIXE;PC Fixe;DC6005SFF;2012;2012-03-30;2012
MATINFO;Matériel Informatique;MATINFO_PC_FIXE;PC Fixe;DC6005SFF;2011;2012-01-03;2011
MATINFO;Matériel Informatique;MATINFO_PC_FIXE;PC Fixe;DC6005SFF;2012;2012-10-01;2012
MATINFO;Matériel Informatique;MATINFO_PC_FIXE;PC Fixe;DC6005SFF;2012;2013-08-23;2012
MATINFO;Matériel Informatique;MATINFO_PC_FIXE;PC Fixe;DC6005SFF;2012;2012-09-05;2012
MATINFO;Matériel Informatique;MATINFO_PC_FIXE;PC Fixe;DC6005SFF;2012;2013-04-26;2012
MATINFO;Matériel Informatique;MATINFO_PC_FIXE;PC Fixe;DC6005SFF;2012;2012-07-20;2012
MATINFO;Matériel Informatique;MATINFO_PC_FIXE;PC Fixe;DC6005SFF;2010;;2010
MATINFO;Matériel Informatique;MATINFO_PC_FIXE;PC Fixe;DC6005SFF;2011;2012-01-09;2011
MATINFO;Matériel Informatique;MATINFO_PC_FIXE;PC Fixe;DC6005SFF;2011;;2011
MATINFO;Matériel Informatique;MATINFO_PC_FIXE;PC Fixe;6305SFF;2013;2013-07-05;2013
MATINFO;Matériel Informatique;MATINFO_PC_FIXE;PC Fixe;6305SFF;2013;2013-10-09;2013
MATINFO;Matériel Informatique;MATINFO_PC_FIXE;PC Fixe;6305SFF;2013;2013-12-13;2013
MATINFO;Matériel Informatique;MATINFO_PC_FIXE;PC Fixe;6305SFF;2013;2013-12-04;2013
MATINFO;Matériel Informatique;MATINFO_PC_FIXE;PC Fixe;6305SFF;2013;2013-10-11;2013
MATINFO;Matériel Informatique;MATINFO_PC_FIXE;PC Fixe;6305SFF;2013;2013-10-22;2013
MATINFO;Matériel Informatique;MATINFO_PC_FIXE;PC Fixe;6305SFF;2013;2013-10-14;2013
MATINFO;Matériel Informatique;MATINFO_PC_FIXE;PC Fixe;6305SFF;2013;2013-12-06;2013
MATINFO;Matériel Informatique;TECHFIXE;PC fixe technique;PRECISIONT3400;;;2009
MATINFO;Matériel Informatique;MATINFO_PC_PORT;PC Portable;ELITEBOOK820G3;2017;;2017
MATINFO;Matériel Informatique;MATINFO_PC_PORT;PC Portable;ELITEBOOK820G3;2017;;2017
MATINFO;Matériel Informatique;MATINFO_PC_PORT;PC Portable;ELITEBOOK820G3;2017;;2017
MATINFO;Matériel Informatique;MATINFO_PC_PORT;PC Portable;ELITEBOOK820;2015;2015-12-15;2015
MATINFO;Matériel Informatique;MATINFO_PC_PORT;PC Portable;ELITEBOOK820;2015;2016-07-13;2015
MATINFO;Matériel Informatique;MATINFO_PC_PORT;PC Portable;LATITUDED520;;;2007
MATINFO;Matériel Informatique;MATINFO_PC_PORT;PC Portable;LATITUDED810;;;2006
MATINFO;Matériel Informatique;MATINFO_PC_PORT;PC Portable;LATITUDEE4310;;;2010
MATINFO;Matériel Informatique;MATINFO_PC_PORT;PC Portable;LATITUDEE5250;2014;;2014
MATINFO;Matériel Informatique;MATINFO_PC_PORT;PC Portable;LATITUDEE5270;2016;;2016
MATINFO;Matériel Informatique;MATINFO_PC_PORT;PC Portable;LATITUDEE5520;;;2011
MATINFO;Matériel Informatique;MATINFO_PC_PORT;PC Portable;LATITUDEE6320;;;2011
MATINFO;Matériel Informatique;MATINFO_PC_PORT;PC Portable;LATITUDEE6330;2015;2015-12-29;2015
MATINFO;Matériel Informatique;MATINFO_PC_PORT;PC Portable;LATITUDEE6330;;;2013
MATINFO;Matériel Informatique;MATINFO_PC_PORT;PC Portable;LATITUDEE6500;;;2008
MATINFO;Matériel Informatique;MATINFO_PC_PORT;PC Portable;LATITUDEE7240;;;2014
MATINFO;Matériel Informatique;MATINFO_PC_PORT;PC Portable;LATITUDE5400;;;2020
MATINFO;Matériel Informatique;MATINFO_PC_PORT;PC Portable;LATITUDE5410;;;2020
MATINFO;Matériel Informatique;MATINFO_PC_PORT;PC Portable;LATITUDE7280;;;2018
MATINFO;Matériel Informatique;MATINFO_PC_PORT;PC Portable;LATITUDE7280;;;2018
MATINFO;Matériel Informatique;MATINFO_PC_PORT;PC Portable;LATITUDE7280;2018;;2018
MATINFO;Matériel Informatique;MATINFO_PC_PORT;PC Portable;LATITUDE7280;2018;;2018
MATINFO;Matériel Informatique;MATINFO_PC_PORT;PC Portable;PORTEGER600;;;2009
MATINFO;Matériel Informatique;MATINFO_PC_PORT;PC Portable;X230;2013;2013-09-19;2013
MATINFO;Matériel Informatique;MATINFO_PC_PORT;PC Portable;X240;2014;;2014
MATINFO;Matériel Informatique;TECHPORT;PC portable technique;MOBILEPRECISION7710;2016;;2016
MATINFO;Matériel Informatique;SCANNER;Scanner;CANOSCANLIDE210;;;2013
MATINFO;Matériel Informatique;SCANNER;Scanner;CANOSCANLIDE25;;;2006
MATINFO;Matériel Informatique;SCANNER;Scanner;GT2500PLUS;2009;2013-03-14;2009
MATINFO;Matériel Informatique;SCANNER;Scanner;PERFECTIONV200;2008;;2008
MATINFO;Matériel Informatique;SCANNER;Scanner;PERFECTIONV330;2011;2013-11-13;2011
MATINFO;Matériel Informatique;SCANNER;Scanner;PERFECTION2480PHOTO;;;2004
MATINFO;Matériel Informatique;SCANNER;Scanner;DS70000;;;2019
MATINFO;Matériel Informatique;SCANNER;Scanner;DS70000;2016;;2016
MATINFO;Matériel Informatique;MATINFO_TAB;Tablette (MATINFO_TAB);ELITE;;;1997
MATINFO;Matériel Informatique;MATINFO_TAB;Tablette (MATINFO_TAB);IPADAIR;2015;;2015
MATINFO;Matériel Informatique;MATINFO_TAB;Tablette (MATINFO_TAB);IPADAIR;2015;;2015
MATINFO;Matériel Informatique;MATINFO_TAB;Tablette (MATINFO_TAB);IPADAIR;2015;;2015
MATINFO;Matériel Informatique;MATINFO_TAB;Tablette (MATINFO_TAB);IPADAIR;2013;2014-02-17;2013
MATINFO;Matériel Informatique;MATINFO_TAB;Tablette (MATINFO_TAB);IPADAIR16GO;2016;;2016
MATINFO;Matériel Informatique;MATINFO_TAB;Tablette (MATINFO_TAB);IPADAIR16GO;2013;;1997
MATINFO;Matériel Informatique;MATINFO_TAB;Tablette (MATINFO_TAB);"IPAD10,2""WI-FI32GO";;;2020
MATINFO;Matériel Informatique;MATINFO_TAB;Tablette (MATINFO_TAB);IPAD16GB;;;1997
MATINFO;Matériel Informatique;MATINFO_TAB;Tablette (MATINFO_TAB);IPAD216GB;;;1997
MATINFO;Matériel Informatique;MATINFO_TAB;Tablette (MATINFO_TAB);IPAD9-72018;;;2019
MATINFO;Matériel Informatique;MATINFO_TERM;Terminal léger;CEBOX;;;2019
MATINFO;Matériel Informatique;MATINFO_TERM;Terminal léger;WSO;;;2019
MATINFO;Matériel Informatique;WEBCAM;Webcam;C510;;;1997
MATINFO;Matériel Informatique;WEBCAM;Webcam;B525;2017;;2017
MATINFO;Matériel Informatique;WEBCAM;Webcam;WEBCAMHD-3000;;;2019
TELFIXE;Téléphonie Fixe;TELFIXE_CONFTEL;Conférence-Phone;OMNITOUCH-4135-IP;2017;;2017
TELFIXE;Téléphonie Fixe;TELFIXE_CONFTEL;Conférence-Phone;OMNITOUCH-4135-IP;2015;;2015
TELFIXE;Téléphonie Fixe;TELFIXE_FAX;Fax;FAX-2820;;;1997
TELMOB;Téléphonie Mobile;TELMOB_GSM;GSM;HAPI11NOI;;;2019
TELMOB;Téléphonie Mobile;TELMOB_GSM;GSM;HAPI50;2018;2018-01-15;2018
TELMOB;Téléphonie Mobile;TELMOB_GSM;GSM;HAPI50;2017;;2017
TELMOB;Téléphonie Mobile;TELMOB_GSM;GSM;HAPI50;;;2018
TELMOB;Téléphonie Mobile;TELMOB_SMART;Smartphone;GALAXYA5;2017;;2017
TELMOB;Téléphonie Mobile;TELMOB_SMART;Smartphone;GALAXYJ3(2016);2018;2018-01-16;2018
TELMOB;Téléphonie Mobile;TELMOB_SMART;Smartphone;GALAXYJ5;2017;;2017
TELMOB;Téléphonie Mobile;TELMOB_SMART;Smartphone;GALAXYJ5(2017);2018;2018-02-20;2018
TELMOB;Téléphonie Mobile;TELMOB_SMART;Smartphone;GALAXYJ5(2017);;;2018
TELMOB;Téléphonie Mobile;TELMOB_SMART;Smartphone;GALAXYJ6NOI;;;2019
TELMOB;Téléphonie Mobile;TELMOB_SMART;Smartphone;GALAXYS6;;;2016
TELMOB;Téléphonie Mobile;TELMOB_SMART;Smartphone;GALAXYS7;;;1997
TELMOB;Téléphonie Mobile;TELMOB_SMART;Smartphone;GALAXYXCOVER4;2017;;2017
TELMOB;Téléphonie Mobile;TELMOB_SMART;Smartphone;IPHONESE;2016;;2016
TELMOB;Téléphonie Mobile;TELMOB_SMART;Smartphone;IPHONEX;2017;;2017
TELMOB;Téléphonie Mobile;TELMOB_SMART;Smartphone;IPHONE5S;;;1997
TELMOB;Téléphonie Mobile;TELMOB_SMART;Smartphone;IPHONE7128GB;;;2019
TELMOB;Téléphonie Mobile;TELMOB_SMART;Smartphone;IPHONE7;2017;;2017
EDIT;Editique;EDIT_IMPR;IMPRIMANTE;C4150;;;1997
EDIT;Editique;EDIT_IMPR;IMPRIMANTE;C711;2015;;2015
EDIT;Editique;EDIT_IMPR;IMPRIMANTE;E460;2012;2012-03-30;2012
EDIT;Editique;EDIT_IMPR;IMPRIMANTE;E460;2012;2012-09-13;2012
EDIT;Editique;EDIT_IMPR;IMPRIMANTE;E460;2012;2012-05-31;2012
EDIT;Editique;EDIT_IMPR;IMPRIMANTE;E460;2011;;2011
EDIT;Editique;EDIT_IMPR;IMPRIMANTE;E460;2012;2012-09-11;2012
EDIT;Editique;EDIT_IMPR;IMPRIMANTE;E460DN;2011;;2011
EDIT;Editique;EDIT_IMPR;IMPRIMANTE;E460DN;2012;;2012
EDIT;Editique;EDIT_IMPR;IMPRIMANTE;GK420T;2012;;1997
EDIT;Editique;EDIT_IMPR;IMPRIMANTE;HL1850;;;2002
EDIT;Editique;EDIT_IMPR;IMPRIMANTE;HL-5170DNLT;2005;;2005
EDIT;Editique;EDIT_IMPR;IMPRIMANTE;M203DW;2017;;2017
EDIT;Editique;EDIT_IMPR;IMPRIMANTE;LASERJETP2015DN;2007;;2007
EDIT;Editique;EDIT_IMPR;IMPRIMANTE;LASERJETP2015DN;;;1997
EDIT;Editique;EDIT_IMPR;IMPRIMANTE;LASERJETP2055DN;;;2011
EDIT;Editique;EDIT_IMPR;IMPRIMANTE;LASERJET2015D;2008;;2008
EDIT;Editique;EDIT_IMPR;IMPRIMANTE;3005N;2008;;2008
EDIT;Editique;EDIT_IMPR;IMPRIMANTE;LBP7780;;;1997
EDIT;Editique;EDIT_IMPR;IMPRIMANTE;LBP6780;2017;;1997
EDIT;Editique;EDIT_IMPR;IMPRIMANTE;LBP6780;;;1997
EDIT;Editique;EDIT_IMPR;IMPRIMANTE;ML2850;2010;;2010
EDIT;Editique;EDIT_IMPR;IMPRIMANTE;ML2850D;2010;;2010
EDIT;Editique;EDIT_IMPR;IMPRIMANTE;ML2850D;2009;;2009
EDIT;Editique;EDIT_IMPR;IMPRIMANTE;ML3710;2012;2012-09-07;2012
EDIT;Editique;EDIT_IMPR;IMPRIMANTE;ML3710;2011;2012-03-21;2011
EDIT;Editique;EDIT_IMPR;IMPRIMANTE;ML3710;2013;2013-05-29;2013
EDIT;Editique;EDIT_IMPR;IMPRIMANTE;ML3710;2012;2012-08-08;2012
EDIT;Editique;EDIT_IMPR;IMPRIMANTE;ML3710;2013;2013-02-11;2013
EDIT;Editique;EDIT_IMPR;IMPRIMANTE;ML3710;2012;2012-06-21;1997
EDIT;Editique;EDIT_IMPR;IMPRIMANTE;ML3710;2011;2013-09-17;2011
EDIT;Editique;EDIT_IMPR;IMPRIMANTE;ML3710;2012;2013-02-19;2012
EDIT;Editique;EDIT_IMPR;IMPRIMANTE;ML3710;2013;2013-04-19;2013
EDIT;Editique;EDIT_IMPR;IMPRIMANTE;ML-3710D;2011;;2011
EDIT;Editique;EDIT_IMPR;IMPRIMANTE;ML3710ND;2013;2013-01-30;2013
EDIT;Editique;EDIT_IMPR;IMPRIMANTE;MS510;2013;2013-06-20;2013
EDIT;Editique;EDIT_IMPR;IMPRIMANTE;MS510;2015;;2015
EDIT;Editique;EDIT_IMPR;IMPRIMANTE;MS510;2013;;2013
EDIT;Editique;EDIT_IMPR;IMPRIMANTE;MS510DN;;;1997
EDIT;Editique;EDIT_IMPR;IMPRIMANTE;M3820;2016;;2016
EDIT;Editique;EDIT_IMPR;IMPRIMANTE;M3820ND;2016;;2016
EDIT;Editique;EDIT_IMPR;IMPRIMANTE;PRO8100;2012;2012-07-10;2012
EDIT;Editique;EDIT_IMPR;IMPRIMANTE;PRO8100;2012;2012-08-13;2012
EDIT;Editique;EDIT_IMPR;IMPRIMANTE;PRO8100;2012;2012-12-04;2012
EDIT;Editique;EDIT_IMPR;IMPRIMANTE;PRO8100;2012;2012-11-15;2012
EDIT;Editique;EDIT_IMPR;IMPRIMANTE;OJP8100;2012;2013-09-02;2012
EDIT;Editique;EDIT_IMPR;IMPRIMANTE;STYLUSPRO4800;2007;;2007
EDIT;Editique;EDIT_IMPR;IMPRIMANTE;TLP2844;2011;;2011
EDIT;Editique;EDIT_IMPR;IMPRIMANTE;WFAL-M400DN;;;1997
EDIT;Editique;MFP;MFP;BH652;;;1997
EDIT;Editique;MFP;MFP;ES3505AC;;;2017
EDIT;Editique;MFP;MFP;IRADVC3330;;;1997
EDIT;Editique;MFP;MFP;IRADVC3530;;;1997
EDIT;Editique;MFP;MFP;LJPM227;;;2019
EDIT;Editique;MFP;MFP;MXB456W;;;1997
EDIT;Editique;MFP;MFP;MX5071;;;1997
EDIT;Editique;MFP;MFP;WF6590;;;2018
EDIT;Editique;MFP;MFP;WP4525;2013;2013-01-30;2013
EDIT;Editique;MFP;MFP;X364;2012;2014-04-22;2012
EDIT;Editique;EDIT_MULTI;Multifonction;OFFICEJETPSC2355;;;2005
EDIT;Editique;EDIT_MULTI;Multifonction;OFFICEJET6110;;;2005
EDIT;Editique;EDIT_MULTI;Multifonction;PHOTOSMARTC4180;;;2006
EDIT;Editique;EDIT_PHOT;Photocopieur;TOSH-3505AC;;;2017
EDIT;Editique;EDIT_PHOT;Photocopieur;TOSH-4505AC;;;2017
EDIT;Editique;EDIT_PHOT;Photocopieur;KON-215;;;1997
EDIT;Editique;EDIT_PHOT;Photocopieur;MX-3071;;;2019
MATINFO;Matériel Informatique;CASQUE;Casque;VOYAGER4210UC;;;2020
MATINFO;Matériel Informatique;CASQUE;Casque;VOYAGER4210UC;;;2019
MATINFO;Matériel Informatique;CASQUE;Casque;VIVECASQUEVRVIVEWIRELESSADAPTO;;;2019
MATINFO;Matériel Informatique;DDEXTERNE;DD externe;DDEXTERNE;;;1997
MATINFO;Matériel Informatique;DOUCHETTE;Douchette;DOUCHETTE;2017;;2017
MATINFO;Matériel Informatique;DOUCHETTE;Douchette;DOUCHETTE;;;2018
MATINFO;Matériel Informatique;MATINFO_PC_FIXE;PC Fixe;DC5850;2009;2013-11-05;2009
MATINFO;Matériel Informatique;MATINFO_PC_FIXE;PC Fixe;LANNERLEC-2270-7A;2018;;2018
MATINFO;Matériel Informatique;MATINFO_PC_FIXE;PC Fixe;MACBOOKPRO;2016;;2016
MATINFO;Matériel Informatique;MATINFO_PC_FIXE;PC Fixe;M83SFF;2014;2014-06-20;2014
MATINFO;Matériel Informatique;MATINFO_PC_FIXE;PC Fixe;M83SFF;2014;2014-02-10;2014
MATINFO;Matériel Informatique;MATINFO_PC_FIXE;PC Fixe;M83SFF;2014;;2014
MATINFO;Matériel Informatique;MATINFO_PC_FIXE;PC Fixe;OPTIPLEX3020MINI-TOUR;2014;;2014
MATINFO;Matériel Informatique;MATINFO_PC_FIXE;PC Fixe;OPTIPLEX3020SFF;2015;;2015
MATINFO;Matériel Informatique;MATINFO_PC_FIXE;PC Fixe;OPTIPLEX3020SFF;2014;;2014
MATINFO;Matériel Informatique;MATINFO_PC_FIXE;PC Fixe;3040;2017;;2017
MATINFO;Matériel Informatique;MATINFO_PC_FIXE;PC Fixe;OPTIPLEX3040SF;2016;;2016
MATINFO;Matériel Informatique;MATINFO_PC_FIXE;PC Fixe;OPTIPLEX3050SFF;;;2019
MATINFO;Matériel Informatique;MATINFO_PC_FIXE;PC Fixe;OPTIPLEX3050SFF;;;2018
MATINFO;Matériel Informatique;MATINFO_PC_FIXE;PC Fixe;OPTIPLEX360MT;;;2009
MATINFO;Matériel Informatique;MATINFO_PC_FIXE;PC Fixe;OPTIPLEX380MT;;;2010
MATINFO;Matériel Informatique;MATINFO_PC_FIXE;PC Fixe;OPTIPLEX9020MINI-TOUR;;;2014
MATINFO;Matériel Informatique;MATINFO_PC_FIXE;PC Fixe;3050;;;1997
MATINFO;Matériel Informatique;MATINFO_PC_FIXE;PC Fixe;POWERMATEVL350;2006;;2006
MATINFO;Matériel Informatique;MATINFO_PC_FIXE;PC Fixe;PRECISION5720;2018;;2018
MATINFO;Matériel Informatique;MATINFO_PC_FIXE;PC Fixe;P320;;;2018
MATINFO;Matériel Informatique;MATINFO_PC_FIXE;PC Fixe;DC6005SFF;2012;2013-02-12;2012
MATINFO;Matériel Informatique;MATINFO_PC_FIXE;PC Fixe;DC6005SFF;2012;2012-11-08;2012
MATINFO;Matériel Informatique;MATINFO_PC_FIXE;PC Fixe;DC6005SFF;2012;2012-10-21;2012
MATINFO;Matériel Informatique;MATINFO_PC_FIXE;PC Fixe;DC6005SFF;2010;2013-05-27;2010
MATINFO;Matériel Informatique;MATINFO_PC_FIXE;PC Fixe;DC6005SFF;2010;2012-01-26;2010
MATINFO;Matériel Informatique;MATINFO_PC_FIXE;PC Fixe;DC6005SFF;2012;2012-09-07;2012
MATINFO;Matériel Informatique;MATINFO_PC_FIXE;PC Fixe;DC6005SFF;2012;2013-10-23;2012
MATINFO;Matériel Informatique;MATINFO_PC_FIXE;PC Fixe;DC6005SFF;2012;2012-09-26;2012
MATINFO;Matériel Informatique;MATINFO_PC_FIXE;PC Fixe;DC6005SFF;2011;;2011
MATINFO;Matériel Informatique;MATINFO_PC_FIXE;PC Fixe;DC6005SFF;2010;;2010
MATINFO;Matériel Informatique;MATINFO_PC_FIXE;PC Fixe;DC6005SFF;2010;;2010
MATINFO;Matériel Informatique;MATINFO_PC_FIXE;PC Fixe;DC6005SFF;2012;2012-11-21;2012
MATINFO;Matériel Informatique;MATINFO_PC_FIXE;PC Fixe;6305SFF;2013;2013-05-30;2013
MATINFO;Matériel Informatique;MATINFO_PC_FIXE;PC Fixe;6305SFF;2013;2014-01-02;2013
MATINFO;Matériel Informatique;MATINFO_PC_FIXE;PC Fixe;6305SFF;2013;2013-11-27;2013
MATINFO;Matériel Informatique;MATINFO_PC_FIXE;PC Fixe;6305SFF;2013;2013-10-24;2013
MATINFO;Matériel Informatique;MATINFO_PC_FIXE;PC Fixe;6305SFF;2013;2013-09-19;2013
MATINFO;Matériel Informatique;TECHFIXE;PC fixe technique;PRECISIONAIO5720;;;2018
MATINFO;Matériel Informatique;TECHFIXE;PC fixe technique;PRECISIONT1650;;;2013
MATINFO;Matériel Informatique;MATINFO_PC_PORT;PC Portable;DELLG55590;;;1997
MATINFO;Matériel Informatique;MATINFO_PC_PORT;PC Portable;INSPIRON9300;;;2006
MATINFO;Matériel Informatique;MATINFO_PC_PORT;PC Portable;LATITUDED510;;;2006
MATINFO;Matériel Informatique;MATINFO_PC_PORT;PC Portable;LATITUDEE5250;2015;;2015
MATINFO;Matériel Informatique;MATINFO_PC_PORT;PC Portable;LATITUDEE5270;2016;;2016
MATINFO;Matériel Informatique;MATINFO_PC_PORT;PC Portable;LATITUDEE6330;;;2011
MATINFO;Matériel Informatique;MATINFO_PC_PORT;PC Portable;LATITUDE5400;;;2019
MATINFO;Matériel Informatique;MATINFO_PC_PORT;PC Portable;LATITUDE5400;;;2020
MATINFO;Matériel Informatique;MATINFO_PC_PORT;PC Portable;LATITUDE5400;;;2019
MATINFO;Matériel Informatique;MATINFO_PC_PORT;PC Portable;LATITUDE5400;;;2020
MATINFO;Matériel Informatique;MATINFO_PC_PORT;PC Portable;LATITUDE7280BTX;2018;;2018
MATINFO;Matériel Informatique;MATINFO_PC_PORT;PC Portable;LATITUDE7280;;;2018
MATINFO;Matériel Informatique;MATINFO_PC_PORT;PC Portable;LATITUDE7280;;;2018
MATINFO;Matériel Informatique;MATINFO_PC_PORT;PC Portable;LATITUDE7480;;;2019
MATINFO;Matériel Informatique;MATINFO_PC_PORT;PC Portable;6520;2012;2012-12-03;2012
MATINFO;Matériel Informatique;MATINFO_PC_PORT;PC Portable;6520;2012;2012-09-03;2012
MATINFO;Matériel Informatique;MATINFO_PC_PORT;PC Portable;MACBOOKPRO17;;;1997
MATINFO;Matériel Informatique;MATINFO_PC_PORT;PC Portable;VOSTRO3360;2013;;2013
MATINFO;Matériel Informatique;MATINFO_PC_PORT;PC Portable;X230;2014;2014-03-14;2014
MATINFO;Matériel Informatique;MATINFO_PC_PORT;PC Portable;X230;2013;;2013
MATINFO;Matériel Informatique;MATINFO_PC_PORT;PC Portable;X230;2013;2013-10-29;2013
MATINFO;Matériel Informatique;MATINFO_PC_PORT;PC Portable;X230;2013;2013-11-19;2013
MATINFO;Matériel Informatique;MATINFO_PC_PORT;PC Portable;X230;2014;;2014
MATINFO;Matériel Informatique;TECHPORT;PC portable technique;LATITUDE5540;;;1997
MATINFO;Matériel Informatique;PUPITRE;Pupitre;'PUPITRETACTILE32''''';;;2019
MATINFO;Matériel Informatique;SCANNER;Scanner;DS-7500N;;;2018
MATINFO;Matériel Informatique;SCANNER;Scanner;EXPRESSION10000XL;;;2006
MATINFO;Matériel Informatique;SCANNER;Scanner;GT-15000;;2006-08-01;2006
MATINFO;Matériel Informatique;SCANNER;Scanner;PERFECTIONV330;2010;;2010
MATINFO;Matériel Informatique;SCANNER;Scanner;PERFECTIONV750PRO;2008;;2008
MATINFO;Matériel Informatique;SCANNER;Scanner;PP-100;2014;;2014
MATINFO;Matériel Informatique;SCANNER;Scanner;SCANJETG4010;;;2000
MATINFO;Matériel Informatique;SCANNER;Scanner;SCANJET7400C;;;2002
MATINFO;Matériel Informatique;SCANNER;Scanner;WF-DS-310;;;2019
MATINFO;Matériel Informatique;SCANNER;Scanner;DS70000;2016;;2016
MATINFO;Matériel Informatique;SCANNER;Scanner;DS70000;;;1997
MATINFO;Matériel Informatique;SCANNER;Scanner;11000XL;2014;2014-03-21;2014
MATINFO;Matériel Informatique;MATINFO_TAB;Tablette (MATINFO_TAB);GALAXYTABA;2016;;1997
MATINFO;Matériel Informatique;MATINFO_TAB;Tablette (MATINFO_TAB);GALAXYTABS5E;;;2019
MATINFO;Matériel Informatique;MATINFO_TAB;Tablette (MATINFO_TAB);GALAXYTAB210.1;;;2013
MATINFO;Matériel Informatique;MATINFO_TAB;Tablette (MATINFO_TAB);GALAXYTAB3;2014;;2014
MATINFO;Matériel Informatique;MATINFO_TAB;Tablette (MATINFO_TAB);INTUOS6PRO;2017;;2017
MATINFO;Matériel Informatique;MATINFO_TAB;Tablette (MATINFO_TAB);IPADAIR;;;1997
MATINFO;Matériel Informatique;MATINFO_TAB;Tablette (MATINFO_TAB);IPADAIR;2015;;2015
MATINFO;Matériel Informatique;MATINFO_TAB;Tablette (MATINFO_TAB);IPADAIR2;2016;;2016
MATINFO;Matériel Informatique;MATINFO_TAB;Tablette (MATINFO_TAB);IPADAIR264GO;2016;;2016
MATINFO;Matériel Informatique;MATINFO_TAB;Tablette (MATINFO_TAB);IPAD9-7;2017;;2017
MATINFO;Matériel Informatique;MATINFO_TAB;Tablette (MATINFO_TAB);IPAD9-72018;;;2018
MATINFO;Matériel Informatique;MATINFO_TAB;Tablette (MATINFO_TAB);SURFACEPROI5;;;2019
MATINFO;Matériel Informatique;MATINFO_TERM;Terminal léger;P20;;;1997
MATINFO;Matériel Informatique;WEBCAM;Webcam;B910;2016;;2016
MATINFO;Matériel Informatique;WEBCAM;Webcam;WEBCAMBRIOPRO4K;;;1997
MATINFO;Matériel Informatique;WEBCAM;Webcam;WEBCAMBRIOPRO4K;;;2019
MATINFO;Matériel Informatique;WEBCAM;Webcam;HDC270;;;1997
MATINFO;Matériel Informatique;WEBCAM;Webcam;HDC270;;;2020
TELFIXE;Téléphonie Fixe;TELFIXE_CONFTEL;Conférence-Phone;OMNITOUCH-4135-IP;2015;;2015
TELFIXE;Téléphonie Fixe;TELFIXE_CONFTEL;Conférence-Phone;OMNITOUCH-4135-IP;2016;;2016
TELMOB;Téléphonie Mobile;TELMOB_SMART;Smartphone;GALAXYA20E;;;2019
TELMOB;Téléphonie Mobile;TELMOB_SMART;Smartphone;GALAXYJ3(2016);2017;;2017
TELMOB;Téléphonie Mobile;TELMOB_SMART;Smartphone;GALAXYJ5(2017);2017;;2017
TELMOB;Téléphonie Mobile;TELMOB_SMART;Smartphone;GALAXYS7EDGE;2017;;2017
TELMOB;Téléphonie Mobile;TELMOB_SMART;Smartphone;GALAXYS7;2018;2018-01-15;2018
TELMOB;Téléphonie Mobile;TELMOB_SMART;Smartphone;GALAXYXCOVER4;;;1997
TELMOB;Téléphonie Mobile;TELMOB_SMART;Smartphone;GALAXYXCOVER4;2018;2018-01-16;2018
TELMOB;Téléphonie Mobile;TELMOB_SMART;Smartphone;GALAXYXCOVER4;2017;;2017
TELMOB;Téléphonie Mobile;TELMOB_SMART;Smartphone;IPHONESE64GO;;;1997
TELMOB;Téléphonie Mobile;TELMOB_SMART;Smartphone;IPHONESE;2017;;2017
TELMOB;Téléphonie Mobile;TELMOB_SMART;Smartphone;IPHONE4S;;;1997
TELMOB;Téléphonie Mobile;TELMOB_SMART;Smartphone;IPHONE5S;2015;;2015
TELMOB;Téléphonie Mobile;TELMOB_SMART;Smartphone;IPHONE7128GB;;;2019
TELMOB;Téléphonie Mobile;TELMOB_SMART;Smartphone;IPHONE7;2018;2018-01-15;2018
TELMOB;Téléphonie Mobile;TELMOB_SMART;Smartphone;IPHONE7;;;1997
TELMOB;Téléphonie Mobile;TELMOB_SMART;Smartphone;IPHONE8+;;;2018
TELMOB;Téléphonie Mobile;TELMOB_SMART;Smartphone;LGK3;2017;;2017
TELMOB;Téléphonie Mobile;TELMOB_SMART;Smartphone;M4AQUA;2015;;2015
EDIT;Editique;EDIT_IMPR;IMPRIMANTE;C711;2014;2014-07-10;2014
EDIT;Editique;EDIT_IMPR;IMPRIMANTE;C711;2014;2014-07-09;2014
EDIT;Editique;EDIT_IMPR;IMPRIMANTE;C711;2015;;2015
EDIT;Editique;EDIT_IMPR;IMPRIMANTE;E460;2012;2012-04-30;2012
EDIT;Editique;EDIT_IMPR;IMPRIMANTE;GK420T;2016;;2016
EDIT;Editique;EDIT_IMPR;IMPRIMANTE;HL2460;;;2002
EDIT;Editique;EDIT_IMPR;IMPRIMANTE;HL-1470;2002;2002-10-11;2002
EDIT;Editique;EDIT_IMPR;IMPRIMANTE;HL5250;2006;2006-02-14;2006
EDIT;Editique;EDIT_IMPR;IMPRIMANTE;HL-5250-DNLT;;;1997
EDIT;Editique;EDIT_IMPR;IMPRIMANTE;WF-100W;2017;;2017
EDIT;Editique;EDIT_IMPR;IMPRIMANTE;M506DN;2017;;2017
EDIT;Editique;EDIT_IMPR;IMPRIMANTE;LASERJETP2015DN;;;2008
EDIT;Editique;EDIT_IMPR;IMPRIMANTE;LASERJETP2015DN;;;2007
EDIT;Editique;EDIT_IMPR;IMPRIMANTE;LASERJET2015D;2008;;2008
EDIT;Editique;EDIT_IMPR;IMPRIMANTE;LASERJET2420DN;2006;;2006
EDIT;Editique;EDIT_IMPR;IMPRIMANTE;3015DN;2010;;2010
EDIT;Editique;EDIT_IMPR;IMPRIMANTE;LBP312X;;;1997
EDIT;Editique;EDIT_IMPR;IMPRIMANTE;LJM506;;;2018
EDIT;Editique;EDIT_IMPR;IMPRIMANTE;LJP2015;2008;;2008
EDIT;Editique;EDIT_IMPR;IMPRIMANTE;ML2850;2009;;2009
EDIT;Editique;EDIT_IMPR;IMPRIMANTE;ML2850D;2009;;2009
EDIT;Editique;EDIT_IMPR;IMPRIMANTE;ML2850D;;;1997
EDIT;Editique;EDIT_IMPR;IMPRIMANTE;ML3710;2012;2012-05-11;2012
EDIT;Editique;EDIT_IMPR;IMPRIMANTE;ML3710;2012;2013-02-11;2012
EDIT;Editique;EDIT_IMPR;IMPRIMANTE;ML3710;2012;2012-05-23;1997
EDIT;Editique;EDIT_IMPR;IMPRIMANTE;ML3710;2012;;2012
EDIT;Editique;EDIT_IMPR;IMPRIMANTE;ML3710;2013;2013-07-03;2013
EDIT;Editique;EDIT_IMPR;IMPRIMANTE;ML3710;2012;2013-04-23;2012
EDIT;Editique;EDIT_IMPR;IMPRIMANTE;ML3710;2011;;2011
EDIT;Editique;EDIT_IMPR;IMPRIMANTE;MS510;2013;2013-04-17;2013
EDIT;Editique;EDIT_IMPR;IMPRIMANTE;MS510;2013;2013-02-26;2013
EDIT;Editique;EDIT_IMPR;IMPRIMANTE;MS510DN;2013;2014-02-03;2013
EDIT;Editique;EDIT_IMPR;IMPRIMANTE;MXB450P;;;1997
EDIT;Editique;EDIT_IMPR;IMPRIMANTE;M3820;2016;;2016
EDIT;Editique;EDIT_IMPR;IMPRIMANTE;M3820;2015;;2015
EDIT;Editique;EDIT_IMPR;IMPRIMANTE;M3820ND;2015;;2015
EDIT;Editique;EDIT_IMPR;IMPRIMANTE;PRO8100;;;1997
EDIT;Editique;EDIT_IMPR;IMPRIMANTE;WFAL-M400DN;;;2018
EDIT;Editique;EDIT_IMPR;IMPRIMANTE;WFAL-M400DN;;;2018
EDIT;Editique;MFP;MFP;ES4505AC;2018;;2018
EDIT;Editique;MFP;MFP;ES4505AC;2018;2018-07-11;2018
EDIT;Editique;MFP;MFP;ES5506AC;;;1997
EDIT;Editique;MFP;MFP;MFC8880;2010;;2010
EDIT;Editique;MFP;MFP;MFC8880;2010;;2010
EDIT;Editique;MFP;MFP;MXB355W;;;1997
EDIT;Editique;MFP;MFP;MXM3070;;;1997
EDIT;Editique;MFP;MFP;MXM5071;;;1997
EDIT;Editique;MFP;MFP;MX3071;;;1997
EDIT;Editique;MFP;MFP;MX310;2016;;2016
EDIT;Editique;MFP;MFP;MX3571;;;1997
EDIT;Editique;MFP;MFP;WF6590;2018;;2018
EDIT;Editique;MFP;MFP;WP4525;2013;2013-01-31;2013
EDIT;Editique;MFP;MFP;WP4525;2014;2014-01-16;2014
EDIT;Editique;EDIT_MULTI;Multifonction;LASERJET3020;;;2005
EDIT;Editique;EDIT_MULTI;Multifonction;OFFICEJET7210;;;2005
EDIT;Editique;EDIT_MULTI;Multifonction;WP4525DNF;2013;2013-01-30;2013
EDIT;Editique;EDIT_PHOT;Photocopieur;KON-284E;;;2016
EDIT;Editique;EDIT_PHOT;Photocopieur;C3530I;;;1997
MATVISIO;Matériel de Visioconférence;VIDÉOPROJECTEUR;Vidéo-projecteur;VIDÉO-PROJECTEURH271B;;;1997
MATINFO;Matériel Informatique;CASQUE;Casque;CASQUEHTCVIVEVR;;;2017
MATINFO;Matériel Informatique;CASQUE;Casque;VOYAGER4210UC;;;2020
MATINFO;Matériel Informatique;DDEXTERNE;DD externe;DD320GOUSB2.0;;;2008
MATINFO;Matériel Informatique;DDEXTERNE;DD externe;DDEXTERNE;2017;;2019
MATINFO;Matériel Informatique;DDEXTERNE;DD externe;DDEXTERNE;2017;;2017
MATINFO;Matériel Informatique;DDEXTERNE;DD externe;DDEXTERNE;;;2019
MATINFO;Matériel Informatique;DDEXTERNE;DD externe;DDEXTERNE;2019;;2019
MATINFO;Matériel Informatique;DDEXTERNE;DD externe;D2QUADRAUSB32TB;;;1997
MATINFO;Matériel Informatique;DDEXTERNE;DD externe;TOUGHDRIVE3.0;2017;;2017
MATINFO;Matériel Informatique;DOUCHETTE;Douchette;DOUCHETTE;;;2018
MATINFO;Matériel Informatique;DOUCHETTE;Douchette;1202GVOYAGER;2014;;2014
MATINFO;Matériel Informatique;DOUCHETTE;Douchette;1202GVOYAGER;;;2013
MATINFO;Matériel Informatique;MATINFO_PC_FIXE;PC Fixe;GX520;;;2005
MATINFO;Matériel Informatique;MATINFO_PC_FIXE;PC Fixe;GX620;;;2006
MATINFO;Matériel Informatique;MATINFO_PC_FIXE;PC Fixe;IMAC27;2015;;2015
MATINFO;Matériel Informatique;MATINFO_PC_FIXE;PC Fixe;IMAC27;2019;;2019
MATINFO;Matériel Informatique;MATINFO_PC_FIXE;PC Fixe;LANNERLEC-2270-7A;2014;;2014
MATINFO;Matériel Informatique;MATINFO_PC_FIXE;PC Fixe;M83SFF;2014;2014-02-06;2014
MATINFO;Matériel Informatique;MATINFO_PC_FIXE;PC Fixe;M83SFF;2014;2014-02-28;2014
MATINFO;Matériel Informatique;MATINFO_PC_FIXE;PC Fixe;OPTIPLEX3010MT;;;2012
MATINFO;Matériel Informatique;MATINFO_PC_FIXE;PC Fixe;OPTIPLEX3040SF;2017;;2017
MATINFO;Matériel Informatique;MATINFO_PC_FIXE;PC Fixe;OPTIPLEX360MT;;;2009
MATINFO;Matériel Informatique;MATINFO_PC_FIXE;PC Fixe;OPTIPLEX780;2010;;2010
MATINFO;Matériel Informatique;MATINFO_PC_FIXE;PC Fixe;POWERMATEVL350;2005;2005-10-17;2005
MATINFO;Matériel Informatique;MATINFO_PC_FIXE;PC Fixe;POWERMATEVL370B5;2008;;2008
MATINFO;Matériel Informatique;MATINFO_PC_FIXE;PC Fixe;POWERMATEVL370B5;2008;;2008
MATINFO;Matériel Informatique;MATINFO_PC_FIXE;PC Fixe;DC6005SFF;2012;2012-09-10;2012
MATINFO;Matériel Informatique;MATINFO_PC_FIXE;PC Fixe;DC6005SFF;2012;2013-05-15;2012
MATINFO;Matériel Informatique;MATINFO_PC_FIXE;PC Fixe;DC6005SFF;2011;2012-02-02;2011
MATINFO;Matériel Informatique;MATINFO_PC_FIXE;PC Fixe;DC6005SFF;2012;2012-09-13;2012
MATINFO;Matériel Informatique;MATINFO_PC_FIXE;PC Fixe;DC6005SFF;2012;2012-05-31;2012
MATINFO;Matériel Informatique;MATINFO_PC_FIXE;PC Fixe;DC6005SFF;2012;;2012
MATINFO;Matériel Informatique;MATINFO_PC_FIXE;PC Fixe;DC6005SFF;2012;2013-05-21;2012
MATINFO;Matériel Informatique;MATINFO_PC_FIXE;PC Fixe;DC6005SFF;2011;2013-10-08;2011
MATINFO;Matériel Informatique;MATINFO_PC_FIXE;PC Fixe;DC6005SFF;2012;2012-10-23;2012
MATINFO;Matériel Informatique;MATINFO_PC_FIXE;PC Fixe;DC6005SFF;2012;2012-03-23;2012
MATINFO;Matériel Informatique;MATINFO_PC_FIXE;PC Fixe;DC6005SFF;2012;2012-08-31;2012
MATINFO;Matériel Informatique;MATINFO_PC_FIXE;PC Fixe;DC6005SFF;2012;2012-06-06;2012
MATINFO;Matériel Informatique;MATINFO_PC_FIXE;PC Fixe;6305SFF;2013;2013-09-11;2013
MATINFO;Matériel Informatique;MATINFO_PC_FIXE;PC Fixe;6305SFF;2013;2013-11-19;2013
MATINFO;Matériel Informatique;MATINFO_PC_FIXE;PC Fixe;6305SFF;2013;2013-09-16;2013
MATINFO;Matériel Informatique;MATINFO_PC_FIXE;PC Fixe;6305SFF;2013;2013-09-20;2013
MATINFO;Matériel Informatique;MATINFO_PC_FIXE;PC Fixe;6305SFF;2013;2013-10-16;2013
MATINFO;Matériel Informatique;MATINFO_PC_FIXE;PC Fixe;6305SFF;2013;2013-10-04;2013
MATINFO;Matériel Informatique;MATINFO_PC_FIXE;PC Fixe;6305SFF;2013;2013-10-28;2013
MATINFO;Matériel Informatique;TECHFIXE;PC fixe technique;PRÉCISION7730AURORAR8;;;2019
MATINFO;Matériel Informatique;MATINFO_PC_PORT;PC Portable;DELLG55590;;;2020
MATINFO;Matériel Informatique;MATINFO_PC_PORT;PC Portable;DELLG55590;;;2020
MATINFO;Matériel Informatique;MATINFO_PC_PORT;PC Portable;ELITEBOOK820G3;2016;;2016
MATINFO;Matériel Informatique;MATINFO_PC_PORT;PC Portable;LATITUDEE4300;;;2010
MATINFO;Matériel Informatique;MATINFO_PC_PORT;PC Portable;LATITUDEE5270;2017;;2017
MATINFO;Matériel Informatique;MATINFO_PC_PORT;PC Portable;LATITUDEE6320;;;2011
MATINFO;Matériel Informatique;MATINFO_PC_PORT;PC Portable;LATITUDEE6330;;;2013
MATINFO;Matériel Informatique;MATINFO_PC_PORT;PC Portable;LATITUDE5400;;;2020
MATINFO;Matériel Informatique;MATINFO_PC_PORT;PC Portable;LATITUDE5400;;;2019
MATINFO;Matériel Informatique;MATINFO_PC_PORT;PC Portable;LATITUDE5400;;;2019
MATINFO;Matériel Informatique;MATINFO_PC_PORT;PC Portable;LATITUDE5400;;;2020
MATINFO;Matériel Informatique;MATINFO_PC_PORT;PC Portable;LATITUDE5400;;;2019
MATINFO;Matériel Informatique;MATINFO_PC_PORT;PC Portable;LATITUDE5400;;;2019
MATINFO;Matériel Informatique;MATINFO_PC_PORT;PC Portable;LATITUDE5410;;;2020
MATINFO;Matériel Informatique;MATINFO_PC_PORT;PC Portable;LATITUDE7280BTX;2017;;2017
MATINFO;Matériel Informatique;MATINFO_PC_PORT;PC Portable;LATITUDE7280BTX;2017;;2017
MATINFO;Matériel Informatique;MATINFO_PC_PORT;PC Portable;LATITUDE7280;;;2019
MATINFO;Matériel Informatique;MATINFO_PC_PORT;PC Portable;LATITUDE7280;;;1997
MATINFO;Matériel Informatique;MATINFO_PC_PORT;PC Portable;6520;2012;2012-10-12;2012
MATINFO;Matériel Informatique;MATINFO_PC_PORT;PC Portable;6520;2012;2012-12-04;2012
MATINFO;Matériel Informatique;MATINFO_PC_PORT;PC Portable;PORTEGER600;;;2010
MATINFO;Matériel Informatique;MATINFO_PC_PORT;PC Portable;R7001FO;2011;2012-10-04;2011
MATINFO;Matériel Informatique;MATINFO_PC_PORT;PC Portable;R7001FO;2011;;2011
MATINFO;Matériel Informatique;MATINFO_PC_PORT;PC Portable;U5001DU;2010;;2010
MATINFO;Matériel Informatique;MATINFO_PC_PORT;PC Portable;VOSTRO3360;2013;2013-03-14;2013
MATINFO;Matériel Informatique;MATINFO_PC_PORT;PC Portable;X230;2013;2013-09-11;2013
MATINFO;Matériel Informatique;MATINFO_PC_PORT;PC Portable;ZBOOK17G3;;;2019
MATINFO;Matériel Informatique;MATINFO_PC_PORT;PC Portable;6730B;2008;;2008
MATINFO;Matériel Informatique;MATINFO_PC_PORT;PC Portable;6730B;2009;;2009
MATINFO;Matériel Informatique;TECHPORT;PC portable technique;ALIENWARE17R5;;;2019
MATINFO;Matériel Informatique;TECHPORT;PC portable technique;LATITUDE5540;;;2020
MATINFO;Matériel Informatique;PUPITRE;Pupitre;'PUPITRETACTILE32''''';;;1997
MATINFO;Matériel Informatique;SCANNER;Scanner;COOLSCANLS50ED;;;2004
MATINFO;Matériel Informatique;SCANNER;Scanner;DR2580C;;;2006
MATINFO;Matériel Informatique;SCANNER;Scanner;LIDE110;;;1997
MATINFO;Matériel Informatique;SCANNER;Scanner;PERFECTIONV330;2011;;2011
MATINFO;Matériel Informatique;SCANNER;Scanner;V550PHOTO;;;2019
MATINFO;Matériel Informatique;SCANNER;Scanner;PERFECTIONV750PRO;;;2008
MATINFO;Matériel Informatique;SCANNER;Scanner;PERFECTION4490;;2007-03-07;2007
MATINFO;Matériel Informatique;SCANNER;Scanner;11000XL;2014;;2014
MATINFO;Matériel Informatique;MATINFO_TAB;Tablette (MATINFO_TAB);GALAXYTABS5E;;;2019
MATINFO;Matériel Informatique;MATINFO_TAB;Tablette (MATINFO_TAB);GALAXYTABS5E;;;2019
MATINFO;Matériel Informatique;MATINFO_TAB;Tablette (MATINFO_TAB);IPADAIR;2014;2014-09-08;2014
MATINFO;Matériel Informatique;MATINFO_TAB;Tablette (MATINFO_TAB);IPADAIR2;2016;;2016
MATINFO;Matériel Informatique;MATINFO_TAB;Tablette (MATINFO_TAB);IPADAIR2128GO;;;1997
MATINFO;Matériel Informatique;MATINFO_TAB;Tablette (MATINFO_TAB);IPADAIR2128GO;2017;;2017
MATINFO;Matériel Informatique;MATINFO_TAB;Tablette (MATINFO_TAB);IPADMINI32GB;2013;2013-08-19;2013
MATINFO;Matériel Informatique;MATINFO_TAB;Tablette (MATINFO_TAB);IPADPRO11WI-FI256GO;;;2020
MATINFO;Matériel Informatique;MATINFO_TAB;Tablette (MATINFO_TAB);WACOMINTUOSPRO;2019;;2019
MATINFO;Matériel Informatique;MATINFO_TERM;Terminal léger;CEBOX;;;2020
MATINFO;Matériel Informatique;MATINFO_TERM;Terminal léger;CEBOX;;;2020
MATINFO;Matériel Informatique;MATINFO_TERM;Terminal léger;CEBOX;;;1997
MATINFO;Matériel Informatique;MATINFO_TERM;Terminal léger;SYNCMASTER400UX;;;1997
MATINFO;Matériel Informatique;MATINFO_TERM;Terminal léger;WSO;;;1997
MATINFO;Matériel Informatique;WEBCAM;Webcam;C525;;;1997
MATINFO;Matériel Informatique;WEBCAM;Webcam;B525;;;1997
MATINFO;Matériel Informatique;WEBCAM;Webcam;B525;2016;;2016
MATINFO;Matériel Informatique;WEBCAM;Webcam;WEBCAM;2017;;2017
MATINFO;Matériel Informatique;WEBCAM;Webcam;WEBCAM;;;2018
MATINFO;Matériel Informatique;WEBCAM;Webcam;WEBCAMHD-3000;;;2019
MATINFO;Matériel Informatique;WEBCAM;Webcam;WEBCAMHD-3000;;;2018
MATINFO;Matériel Informatique;WEBCAM;Webcam;WEBCAM1300;;;1997
TELFIXE;Téléphonie Fixe;TELFIXE_CONFTEL;Conférence-Phone;OMNITOUCH-4135-IP;;;1997
TELFIXE;Téléphonie Fixe;TELFIXE_FAX;Fax;4018EE;;;2012
TELMOB;Téléphonie Mobile;TELMOB_GSM;GSM;HAPI11NOI;;;2019
TELMOB;Téléphonie Mobile;TELMOB_GSM;GSM;HAPI50;;;1997
TELMOB;Téléphonie Mobile;TELMOB_SMART;Smartphone;GALAXYJ5(2017);;;2017
TELMOB;Téléphonie Mobile;TELMOB_SMART;Smartphone;GALAXYS10DS;;;2020
TELMOB;Téléphonie Mobile;TELMOB_SMART;Smartphone;GALAXYS7NOI;;;1997
TELMOB;Téléphonie Mobile;TELMOB_SMART;Smartphone;GALAXYS7;2018;2018-01-16;2018
TELMOB;Téléphonie Mobile;TELMOB_SMART;Smartphone;GALAXYS7;2017;;2017
TELMOB;Téléphonie Mobile;TELMOB_SMART;Smartphone;GALAXYXCOVER4S32GO;;;2020
TELMOB;Téléphonie Mobile;TELMOB_SMART;Smartphone;IPHONESE128GO;;;2020
TELMOB;Téléphonie Mobile;TELMOB_SMART;Smartphone;IPHONESE;;;1997
TELMOB;Téléphonie Mobile;TELMOB_SMART;Smartphone;IPHONE7128GB;;;2018
TELMOB;Téléphonie Mobile;TELMOB_SMART;Smartphone;IPHONE7;;;2019
TELMOB;Téléphonie Mobile;TELMOB_SMART;Smartphone;IPHONE8+;;;2020
TELMOB;Téléphonie Mobile;TELMOB_SMART;Smartphone;IPHONE6S;2017;;2017
TELMOB;Téléphonie Mobile;TELMOB_SMART;Smartphone;IPHONE8256GO;;;2019
